board_name    ,num_ants,greediness,pheromone_decay,evaporation_rate,best_evaporation_rate,time_mean         ,time_std          ,time_min            ,time_max          ,iter_mean,iter_std          ,iter_min,iter_max,num_failed
aiescargot.txt,1       ,0.9       ,0.1            ,0.9             ,0.005                ,2.0507314205169678,1.8051877821425417,0.017411231994628906,5.198497772216797 ,127.3    ,112.13924379984019,1       ,322     ,0
aiescargot.txt,5       ,0.9       ,0.1            ,0.9             ,0.005                ,4.0440479755401615,3.4112041322423985,0.26206016540527344 ,9.957606792449951 ,51.7     ,43.42821663388907 ,3       ,128     ,0
aiescargot.txt,10      ,0.9       ,0.1            ,0.9             ,0.005                ,2.6813803195953367,2.71764339245656  ,0.158461332321167   ,9.206531524658203 ,17.2     ,17.45737666432159 ,1       ,59      ,0
aiescargot.txt,20      ,0.9       ,0.1            ,0.9             ,0.005                ,2.4048773527145384,2.630617019236699 ,0.31132054328918457 ,8.607070684432983 ,7.8      ,8.541662601625049 ,1       ,28      ,0
aiescargot.txt,50      ,0.9       ,0.1            ,0.9             ,0.005                ,2.237048864364624 ,1.7119362406560885,0.748483419418335   ,5.41523003578186  ,2.9      ,2.211334438749598 ,1       ,7       ,0
aiescargot.txt,100     ,0.9       ,0.1            ,0.9             ,0.005                ,3.438629174232483 ,3.1476667162668632,1.546043872833252   ,12.363577604293823,2.2      ,2.039607805437114 ,1       ,8       ,0
