board_name    ,num_ants,greediness,pheromone_decay,evaporation_rate,best_evaporation_rate,time_mean         ,time_std          ,time_min           ,time_max          ,iter_mean,iter_std          ,iter_min,iter_max,num_failed
aiescargot.txt,1       ,0.9       ,0.1            ,0.9             ,0.005                ,2.8028156995773315,3.3552288986462617,0.2751445770263672 ,10.58701205253601 ,193.4    ,233.714013272632  ,19      ,740     ,0
aiescargot.txt,5       ,0.9       ,0.1            ,0.9             ,0.005                ,1.5745636463165282,1.7581138979095388,0.13918042182922363,6.605092287063599 ,21.5     ,23.57647132206175 ,2       ,89      ,0
aiescargot.txt,10      ,0.9       ,0.1            ,0.9             ,0.005                ,1.7792343616485595,1.2977863338269295,0.5613141059875488 ,4.661442279815674 ,12.6     ,9.156418513807678 ,4       ,33      ,0
aiescargot.txt,20      ,0.9       ,0.1            ,0.9             ,0.005                ,2.2142892837524415,1.7559725165747577,0.28124499320983887,5.086487770080566 ,7.8      ,6.209669878504009 ,1       ,18      ,0
aiescargot.txt,50      ,0.9       ,0.1            ,0.9             ,0.005                ,4.327329850196838 ,2.5705151298886793,0.69392991065979   ,8.651705980300903 ,6.1      ,3.5623026261113755,1       ,12      ,0
aiescargot.txt,100     ,0.9       ,0.1            ,0.9             ,0.005                ,3.9415186405181886,2.8749987128346843,1.362593173980713  ,11.267504453659058,2.8      ,2.0396078054371136,1       ,8       ,0
