board_name    ,num_ants,time_mean         ,time_std          ,time_min           ,time_max          ,iter_mean,iter_std          ,iter_min,iter_max,num_failed,greediness,pheromone_decay,evaporation_rate,best_evaporation_rate
aiescargot.txt,1       ,2.1303033351898195,2.0529613629654095,0.01604914665222168,6.2411370277404785,141.1    ,135.79208371624614,1       ,413     ,0         ,0.9       ,0.1            ,0.9             ,0.005
aiescargot.txt,5       ,1.6960875034332275,1.3695343108449405,0.06968903541564941,4.165910005569458 ,23.9     ,19.31035991378721 ,1       ,59      ,0         ,0.9       ,0.1            ,0.9             ,0.005
aiescargot.txt,10      ,2.6430556774139404,2.417269643687827 ,0.14033722877502441,6.584666728973389 ,18.5     ,16.930741271426953,1       ,46      ,0         ,0.9       ,0.1            ,0.9             ,0.005
aiescargot.txt,20      ,1.7410245180130004,1.7407489346787495,0.28223395347595215,5.700543642044067 ,6.1      ,6.10655385630881  ,1       ,20      ,0         ,0.9       ,0.1            ,0.9             ,0.005
aiescargot.txt,50      ,2.0306174755096436,1.2341256733384673,0.6853115558624268 ,4.944113492965698 ,2.9      ,1.7578395831246945,1       ,7       ,0         ,0.9       ,0.1            ,0.9             ,0.005
aiescargot.txt,100     ,2.5162374496459963,1.8526946110827003,1.3811309337615967 ,7.037459373474121 ,1.8      ,1.32664991614216  ,1       ,5       ,0         ,0.9       ,0.1            ,0.9             ,0.005
