board_name    ,num_ants,greediness,pheromone_decay,evaporation_rate,best_evaporation_rate,time_mean         ,time_std          ,time_min           ,time_max          ,iter_mean,iter_std          ,iter_min,iter_max,num_failed
aiescargot.txt,10      ,0.9       ,0.1            ,0.9             ,0.005                ,2.9888367891311645,3.1001388305112707,0.5963459014892578 ,11.655503273010254,20.0     ,20.75090359478353 ,4       ,78      ,0
aiescargot.txt,10      ,0.9       ,0.1            ,0.9             ,0.05                 ,3.046134901046753 ,2.864964143417915 ,0.29713010787963867,10.129313945770264,20.4     ,19.215618647339983,2       ,68      ,0
aiescargot.txt,10      ,0.9       ,0.1            ,0.9             ,0.5                  ,1.8134950160980225,1.9356222770257483,0.45372629165649414,7.2986063957214355,11.9     ,12.723600119463045,3       ,48      ,0
