board_name,num_ants,greediness,pheromone_decay,evaporation_rate,best_evaporation_rate,time_mean,time_std,time_min,time_max,iter_mean,iter_std,iter_min,iter_max,num_failed
aiescargot.txt,10,0.9,0.1,0.9,0.0,2.370762825012207,1.668879157528847,0.14486002922058105,4.89524245262146,16.4,11.542963224406462,1,34,0
aiescargot.txt,10,0.9,0.1,0.9,0.001,2.531556010246277,2.017421558521102,0.44065308570861816,7.585813760757446,17.3,13.820636743652589,3,52,0
aiescargot.txt,10,0.9,0.1,0.9,0.01,2.0200392961502076,1.5411420434492629,0.41953039169311523,4.921260356903076,14.3,10.899999999999999,3,35,0
aiescargot.txt,10,0.9,0.1,0.9,0.1,3.0501782178878782,2.6591118711074517,0.1427299976348877,9.921550512313843,20.9,18.239791665476883,1,68,0
aiescargot.txt,10,0.9,0.1,0.9,1.0,2.0340904712677004,1.194770651723685,0.14702129364013672,4.400461673736572,13.9,8.154140052758475,1,30,0
