board_name    ,num_ants,greediness,pheromone_decay,evaporation_rate  ,best_evaporation_rate,time_mean         ,time_std          ,time_min           ,time_max         ,iter_mean,iter_std          ,iter_min,iter_max,num_failed
aiescargot.txt,10      ,0.9       ,0.1            ,0.0               ,0.005                ,1.7200704336166381,1.5441570849580113,0.14621353149414062,5.980795383453369,11.6     ,10.2975725294848  ,1       ,40      ,0
aiescargot.txt,10      ,0.9       ,0.1            ,0.3               ,0.005                ,2.225790500640869 ,1.252996780621613 ,0.14605116844177246,5.030277729034424,15.2     ,8.482924024179399 ,1       ,34      ,0
aiescargot.txt,10      ,0.9       ,0.1            ,0.6               ,0.005                ,1.5358497381210328,1.4936896048195982,0.4315502643585205 ,5.443895578384399,10.5     ,10.141498903022176,3       ,37      ,0
aiescargot.txt,10      ,0.9       ,0.1            ,0.8999999999999999,0.005                ,2.3346436977386475,2.4212159049601096,0.5962862968444824 ,9.316723346710205,15.8     ,16.36337373526621 ,4       ,63      ,0
