board_name    ,num_ants,greediness,pheromone_decay,evaporation_rate,best_evaporation_rate,time_mean         ,time_std          ,time_min           ,time_max          ,iter_mean,iter_std          ,iter_min,iter_max,num_failed
aiescargot.txt,10      ,0.9       ,0.1            ,0.0             ,0.005                ,1.9024969816207886,1.7360252709315578,0.41475725173950195,6.316786289215088 ,13.4     ,12.38709005376162 ,3       ,45      ,0
aiescargot.txt,10      ,0.9       ,0.1            ,0.2             ,0.005                ,4.006092214584351 ,3.541089835876171 ,0.41875195503234863,11.652757167816162,28.3     ,24.96817974943308 ,3       ,82      ,0
aiescargot.txt,10      ,0.9       ,0.1            ,0.4             ,0.005                ,3.403577947616577 ,1.9255517850452613,0.5538864135742188 ,7.171685457229614 ,24.3     ,13.667845477616433,4       ,51      ,0
aiescargot.txt,10      ,0.9       ,0.1            ,0.6             ,0.005                ,2.091734266281128 ,1.2041565486815906,0.5476968288421631 ,4.159894943237305 ,15.1     ,8.676981041814026 ,4       ,30      ,0
aiescargot.txt,10      ,0.9       ,0.1            ,0.8             ,0.005                ,3.6430988073349   ,5.312982595872656 ,0.14436745643615723,18.880372524261475,25.7     ,37.124250834191926,1       ,132     ,0
aiescargot.txt,10      ,0.9       ,0.1            ,1.0             ,0.005                ,3.3243642330169676,2.5030177242212677,0.8717646598815918 ,9.329133987426758 ,22.8     ,17.145261736118233,6       ,64      ,0
