board_name    ,num_ants,greediness,pheromone_decay,evaporation_rate  ,best_evaporation_rate,time_mean         ,time_std         ,time_min           ,time_max         ,iter_mean,iter_std          ,iter_min,iter_max,num_failed
aiescargot.txt,10      ,0.9       ,0.1            ,0.0               ,0.005                ,3.3260470390319825,2.612933075314277,0.14812350273132324,8.239826679229736,21.8     ,17.209299811439163,1       ,55      ,0
aiescargot.txt,10      ,0.9       ,0.1            ,0.3               ,0.005                ,2.2800163984298707,2.654910196875801,0.14919018745422363,8.638529300689697,14.9     ,17.529689101635547,1       ,57      ,0
aiescargot.txt,10      ,0.9       ,0.1            ,0.6               ,0.005                ,2.1094208478927614,2.063882305642484,0.14905071258544922,6.893613815307617,14.1     ,13.758270240113761,1       ,46      ,0
aiescargot.txt,10      ,0.9       ,0.1            ,0.8999999999999999,0.005                ,2.9901089429855348,2.748370696518358,0.1512458324432373 ,8.816513061523438,20.0     ,18.39565166010707 ,1       ,59      ,0
