board_name    ,num_ants,greediness        ,pheromone_decay,evaporation_rate,best_evaporation_rate,time_mean         ,time_std          ,time_min           ,time_max          ,iter_mean,iter_std          ,iter_min,iter_max,num_failed
aiescargot.txt,10      ,0.0               ,0.1            ,0.9             ,0.005                ,6.985896563529968 ,5.796846867289745 ,0.4990198612213135 ,17.787165880203247,44.5     ,37.04929149120129 ,3       ,114     ,0
aiescargot.txt,10      ,0.3               ,0.1            ,0.9             ,0.005                ,4.060329604148865 ,3.4140854210193656,0.2967398166656494 ,11.216275453567505,26.1     ,21.736835096213984,2       ,71      ,0
aiescargot.txt,10      ,0.6               ,0.1            ,0.9             ,0.005                ,5.205239987373352 ,5.925406637436487 ,1.4863722324371338 ,22.17868709564209 ,33.9     ,38.20065444465579 ,10      ,143     ,0
aiescargot.txt,10      ,0.8999999999999999,0.1            ,0.9             ,0.005                ,1.5453807353973388,1.3068030364472514,0.15773224830627441,3.7825253009796143,9.7      ,8.198170527623832 ,1       ,24      ,0
