board_name    ,num_ants,greediness,pheromone_decay,evaporation_rate,best_evaporation_rate,time_mean         ,time_std          ,time_min           ,time_max          ,iter_mean,iter_std          ,iter_min,iter_max,num_failed
aiescargot.txt,10      ,0.0       ,0.1            ,0.9             ,0.005                ,6.5124311447143555,7.43153316983495  ,0.27866339683532715,21.840766668319702,44.2     ,49.9615852430645  ,2       ,145     ,0
aiescargot.txt,10      ,0.2       ,0.1            ,0.9             ,0.005                ,5.197916197776794 ,4.379149476897299 ,0.27337050437927246,13.080888271331787,36.2     ,30.38683925649392 ,2       ,92      ,0
aiescargot.txt,10      ,0.4       ,0.1            ,0.9             ,0.005                ,5.81013035774231  ,6.9884193583000425,0.2825357913970947 ,23.14075994491577 ,40.6     ,48.197925266550634,2       ,159     ,0
aiescargot.txt,10      ,0.6       ,0.1            ,0.9             ,0.005                ,1.4562092065811156,1.2432794687883488,0.27959203720092773,4.5474324226379395,10.2     ,8.749857141690944 ,2       ,32      ,0
aiescargot.txt,10      ,0.8       ,0.1            ,0.9             ,0.005                ,2.565303182601929 ,1.7483438888862017,0.4218149185180664 ,4.965888500213623 ,17.9     ,12.14454610102823 ,3       ,34      ,0
aiescargot.txt,10      ,1.0       ,0.1            ,0.9             ,0.005                ,1.818014931678772 ,1.6133787460370017,0.13777756690979004,5.312454700469971 ,13.0     ,11.523888232710346,1       ,38      ,0
