board_name    ,num_ants,greediness        ,pheromone_decay,evaporation_rate,best_evaporation_rate,time_mean         ,time_std          ,time_min           ,time_max          ,iter_mean,iter_std          ,iter_min,iter_max,num_failed
aiescargot.txt,10      ,0.0               ,0.1            ,0.9             ,0.005                ,8.700264620780946 ,9.754403381088371 ,0.43193697929382324,33.12058448791504 ,59.3     ,65.45693240597208 ,3       ,221     ,0
aiescargot.txt,10      ,0.3               ,0.1            ,0.9             ,0.005                ,4.474088168144226 ,2.7263986205180015,0.5662596225738525 ,8.544778108596802 ,31.3     ,19.04757202375148 ,4       ,60      ,0
aiescargot.txt,10      ,0.6               ,0.1            ,0.9             ,0.005                ,3.7255339860916137,2.6028094419020946,0.28809380531311035,7.7388505935668945,26.0     ,18.18790807102345 ,2       ,54      ,0
aiescargot.txt,10      ,0.8999999999999999,0.1            ,0.9             ,0.005                ,2.682602548599243 ,1.9873034040155086,0.14413881301879883,6.083055734634399 ,18.6     ,13.770983988081607,1       ,42      ,0
