board_name    ,num_ants,greediness,pheromone_decay,evaporation_rate,best_evaporation_rate,time_mean         ,time_std          ,time_min           ,time_max          ,iter_mean,iter_std          ,iter_min,iter_max,num_failed
aiescargot.txt,10      ,0.9       ,0.0            ,0.9             ,0.005                ,2.2803550958633423,2.2133847330166367,0.2921121120452881 ,7.802432060241699 ,15.9     ,15.636176003102548,2       ,55      ,0
aiescargot.txt,10      ,0.9       ,0.2            ,0.9             ,0.005                ,1.325873351097107 ,1.666408832271742 ,0.14511585235595703,5.7288782596588135,9.3      ,11.883181392203015,1       ,41      ,0
aiescargot.txt,10      ,0.9       ,0.4            ,0.9             ,0.005                ,2.92882821559906  ,2.071419790194069 ,0.3154888153076172 ,6.2356953620910645,20.4     ,14.381933110677437,2       ,43      ,0
aiescargot.txt,10      ,0.9       ,0.6            ,0.9             ,0.005                ,2.376467061042786 ,1.8703309772750107,0.2883598804473877 ,5.986154317855835 ,16.3     ,12.798828071350908,2       ,41      ,0
aiescargot.txt,10      ,0.9       ,0.8            ,0.9             ,0.005                ,2.3505988836288454,2.762634416209121 ,0.2912311553955078 ,9.00375509262085  ,16.1     ,18.986574203894712,2       ,62      ,0
aiescargot.txt,10      ,0.9       ,1.0            ,0.9             ,0.005                ,2.614125394821167 ,2.2877602966931994,0.7176306247711182 ,7.965738296508789 ,18.2     ,15.74674569553976 ,5       ,54      ,0
